"concept"	"meaning"	"context"	"source_language"	"source_version"	"source_value"	"target_base"	"target_base_version"	"target_value"	"target_context"	"target_number"	"target_gender"	"target_case"	"target_fields"	"target_language"	"target_version"	"sync_status"	"ttype"
"CAR_PART"	"below_instrument_panel"		"en-US"	"0.6.8.1"	"floor"			"floor"						"en-US"	"0.6.8.1"	"in sync"	
"CAR_PART"	"dashboard"		"en-US"	"0.1.0"	"dashboard"			"dashboard"						"en-US"	"0.1.0"	"in sync"	
"CAR_PART"	"door"		"en-US"	"0.1.0"	"door"			"door"						"en-US"	"0.1.0"	"in sync"	
"CAR_PART"	"footwell"		"en-US"	"0.1.0"	"footwell"			"footwell"						"en-US"	"0.1.0"	"in sync"	
"CAR_PART"	"front_windshield"		"en-US"	"0.1.0"	"front windshield"			"front windshield"						"en-US"	"0.1.0"	"in sync"	
"CAR_PART"	"glove_compartment"		"en-US"	"0.1.0"	"glove compartment"			"glove compartment"						"en-US"	"0.1.0"	"in sync"	
"CAR_PART"	"grip"		"en-US"	"0.1.0"	"grip"			"grip"						"en-US"	"0.1.0"	"in sync"	
"CAR_PART"	"mirror"		"en-US"	"0.1.0"	"mirror"			"mirror"						"en-US"	"0.1.0"	"in sync"	
"CAR_PART"	"rear_windshield"		"en-US"	"0.1.0"	"rear windshield"			"rear windshield"						"en-US"	"0.1.0"	"in sync"	
"CAR_PART"	"roof"		"en-US"	"0.1.0"	"roof"			"roof"						"en-US"	"0.1.0"	"in sync"	
"CAR_PART"	"seat"		"en-US"	"0.1.0"	"seat"			"seat"						"en-US"	"0.1.0"	"in sync"	
"CAR_PART"	"seat_row"		"en-US"	"0.1.0"	"seat row"			"seat row"						"en-US"	"0.1.0"	"in sync"	
"CAR_PART"	"skyroof"		"en-US"	"0.1.0"	"skyroof"			"skyroof"						"en-US"	"0.1.0"	"in sync"	
"CAR_PART"	"steering_wheel"		"en-US"	"0.1.0"	"steering wheel"			"steering wheel"						"en-US"	"0.1.0"	"in sync"	
"CAR_PART"	"sunroof"		"en-US"	"0.1.0"	"sunroof"			"sunroof"						"en-US"	"0.1.0"	"in sync"	
"CAR_PART"	"window"		"en-US"	"0.1.0"	"windows"			"windows"						"en-US"	"0.1.0"	"in sync"	
"COLOR"	"amber_orange"		"en-US"	"0.1.0"	"amber orange"			"amber orange"						"en-US"	"0.1.0"	"in sync"	
"COLOR"	"amethyst_glow"		"en-US"	"0.6.8"	"amethyst glow"			"amethyst glow"						"en-US"	"0.6.8"	"in sync"	
"COLOR"	"apple_green"		"en-US"	"0.1.0"	"apple green"			"apple green"						"en-US"	"0.1.0"	"in sync"	
"COLOR"	"atlantis"		"en-US"	"0.1.0"	"atlantis"			"atlantis"						"en-US"	"0.1.0"	"in sync"	
"COLOR"	"atoll_blue"		"en-US"	"0.6.8"	"atoll blue"			"atoll blue"						"en-US"	"0.6.8"	"in sync"	
"COLOR"	"automatic"		"en-US"	"0.1.0"	"automatic"			"automatic"						"en-US"	"0.1.0"	"in sync"	
"COLOR"	"autumn"		"en-US"	"0.6.8"	"autumn"			"autumn"						"en-US"	"0.6.8"	"in sync"	
"COLOR"	"beige"		"en-US"	"0.1.0"	"beige"			"beige"						"en-US"	"0.1.0"	"in sync"	
"COLOR"	"black"		"en-US"	"0.1.0"	"black"			"black"						"en-US"	"0.1.0"	"in sync"	
"COLOR"	"blood_orange"		"en-US"	"0.1.0"	"blood orange"			"blood orange"						"en-US"	"0.1.0"	"in sync"	
"COLOR"	"blue"		"en-US"	"0.1.0"	"blue"			"blue"						"en-US"	"0.1.0"	"in sync"	
"COLOR"	"blue_pink"		"en-US"	"0.6.8"	"blue pink"			"blue pink"						"en-US"	"0.6.8"	"in sync"	
"COLOR"	"blue_sea_sky"		"en-US"	"0.6.8"	"blue sea sky"			"blue sea sky"						"en-US"	"0.6.8"	"in sync"	
"COLOR"	"blue_violet"		"en-US"	"0.6.8"	"blue violet"			"blue violet"						"en-US"	"0.6.8"	"in sync"	
"COLOR"	"bright_blue"		"en-US"	"0.6.8"	"bright blue"			"bright blue"						"en-US"	"0.6.8"	"in sync"	
"COLOR"	"bright_green"		"en-US"	"0.6.8"	"bright green"			"bright green"						"en-US"	"0.6.8"	"in sync"	
"COLOR"	"classic"		"en-US"	"0.6.8"	"classic"			"classic"						"en-US"	"0.6.8"	"in sync"	
"COLOR"	"cold_white"		"en-US"	"0.1.0"	"cold white"			"cold white"						"en-US"	"0.1.0"	"in sync"	
"COLOR"	"color_afterglow"		"en-US"	"0.4.7"	"afterglow"			"afterglow"						"en-US"	"0.4.7"	"in sync"	
"COLOR"	"color_azure"		"en-US"	"0.2.7"	"azure"			"azure"						"en-US"	"0.2.7"	"in sync"	
"COLOR"	"color_baby_blue"		"en-US"	"0.2.7"	"baby blue"			"baby blue"						"en-US"	"0.2.7"	"in sync"	
"COLOR"	"color_bamboo"		"en-US"	"0.4.7"	"bamboo"			"bamboo"						"en-US"	"0.4.7"	"in sync"	
"COLOR"	"color_bronze"		"en-US"	"0.2.7"	"bronze"			"bronze"						"en-US"	"0.2.7"	"in sync"	
"COLOR"	"color_champagne"		"en-US"	"0.2.7"	"champagne"			"champagne"						"en-US"	"0.2.7"	"in sync"	
"COLOR"	"color_citrin"		"en-US"	"0.2.7"	"citrin"			"citrin"						"en-US"	"0.2.7"	"in sync"	
"COLOR"	"color_coral"		"en-US"	"0.2.7"	"coral"			"coral"						"en-US"	"0.2.7"	"in sync"	
"COLOR"	"color_coral_pink"		"en-US"	"0.2.7"	"coral pink"			"coral pink"						"en-US"	"0.2.7"	"in sync"	
"COLOR"	"color_custom"		"en-US"	"0.4.7"	"custom"			"custom"						"en-US"	"0.4.7"	"in sync"	
"COLOR"	"color_dark_blue"		"en-US"	"0.2.7"	"dark blue"			"dark blue"						"en-US"	"0.2.7"	"in sync"	
"COLOR"	"color_dark_green"		"en-US"	"0.2.7"	"dark green"			"dark green"						"en-US"	"0.2.7"	"in sync"	
"COLOR"	"color_dark_red"		"en-US"	"0.2.7"	"dark red"			"dark red"						"en-US"	"0.2.7"	"in sync"	
"COLOR"	"color_dark_yellow"		"en-US"	"0.2.7"	"dark yellow"			"dark yellow"						"en-US"	"0.2.7"	"in sync"	
"COLOR"	"color_dawn"		"en-US"	"0.4.7"	"dawn"			"dawn"						"en-US"	"0.4.7"	"in sync"	
"COLOR"	"color_day"		"en-US"	"0.2.7"	"day"			"day"						"en-US"	"0.2.7"	"in sync"	
"COLOR"	"color_daylight_white"		"en-US"	"0.4.7"	"daylight white"			"daylight white"						"en-US"	"0.4.7"	"in sync"	
"COLOR"	"color_emerald"		"en-US"	"0.2.7"	"emerald"			"emerald"						"en-US"	"0.2.7"	"in sync"	
"COLOR"	"color_firefly"		"en-US"	"0.2.7"	"firefly"			"firefly"						"en-US"	"0.2.7"	"in sync"	
"COLOR"	"color_flamingo"		"en-US"	"0.2.7"	"flamingo"			"flamingo"						"en-US"	"0.2.7"	"in sync"	
"COLOR"	"color_flare_red"		"en-US"	"0.4.7"	"flare red"			"flare red"						"en-US"	"0.4.7"	"in sync"	
"COLOR"	"color_flash"		"en-US"	"0.1.0"	"color flash"			"color flash"						"en-US"	"0.1.0"	"in sync"	
"COLOR"	"color_full_moon"		"en-US"	"0.2.7"	"full moon"			"full moon"						"en-US"	"0.2.7"	"in sync"	
"COLOR"	"color_green_blue"		"en-US"	"0.2.7"	"green blue"			"green blue"						"en-US"	"0.2.7"	"in sync"	
"COLOR"	"color_haven"		"en-US"	"0.2.7"	"haven"			"haven"						"en-US"	"0.2.7"	"in sync"	
"COLOR"	"color_heat_blue"		"en-US"	"0.4.7"	"heat blue"			"heat blue"						"en-US"	"0.4.7"	"in sync"	
"COLOR"	"color_himalaya"		"en-US"	"0.2.7"	"himalaya"			"himalaya"						"en-US"	"0.2.7"	"in sync"	
"COLOR"	"color_hummer"		"en-US"	"0.2.7"	"hummer"			"hummer"						"en-US"	"0.2.7"	"in sync"	
"COLOR"	"color_iceberg"		"en-US"	"0.4.7"	"iceberg"			"iceberg"						"en-US"	"0.4.7"	"in sync"	
"COLOR"	"color_indigo"		"en-US"	"0.2.7"	"indigo"			"indigo"						"en-US"	"0.2.7"	"in sync"	
"COLOR"	"color_ivory"		"en-US"	"0.2.7"	"ivory"			"ivory"						"en-US"	"0.2.7"	"in sync"	
"COLOR"	"color_lavender"		"en-US"	"0.2.7"	"lavender"			"lavender"						"en-US"	"0.2.7"	"in sync"	
"COLOR"	"color_lemon"		"en-US"	"0.2.7"	"lemon"			"lemon"						"en-US"	"0.2.7"	"in sync"	
"COLOR"	"color_light_red"		"en-US"	"0.2.7"	"light red"			"light red"						"en-US"	"0.2.7"	"in sync"	
"COLOR"	"color_lightning"		"en-US"	"0.4.7"	"lightning"			"lightning"						"en-US"	"0.4.7"	"in sync"	
"COLOR"	"color_lilac"		"en-US"	"0.2.7"	"lilac"			"lilac"						"en-US"	"0.2.7"	"in sync"	
"COLOR"	"color_meteor"		"en-US"	"0.4.7"	"meteor"			"meteor"						"en-US"	"0.4.7"	"in sync"	
"COLOR"	"color_mix"		"en-US"	"0.1.0"	"color mix"			"color mix"						"en-US"	"0.1.0"	"in sync"	
"COLOR"	"color_number"		"en-US"	"0.4.7"	"color <num>"			"color <num>"						"en-US"	"0.4.7"	"in sync"	
"COLOR"	"color_orange_red"		"en-US"	"0.2.7"	"orange red"			"orange red"						"en-US"	"0.2.7"	"in sync"	
"COLOR"	"color_papaya"		"en-US"	"0.2.7"	"papaya"			"papaya"						"en-US"	"0.2.7"	"in sync"	
"COLOR"	"color_pearl"		"en-US"	"0.2.7"	"pearl"			"pearl"						"en-US"	"0.2.7"	"in sync"	
"COLOR"	"color_peppermint"		"en-US"	"0.2.7"	"peppermint"			"peppermint"						"en-US"	"0.2.7"	"in sync"	
"COLOR"	"color_rainforest"		"en-US"	"0.4.7"	"rainforest"			"rainforest"						"en-US"	"0.4.7"	"in sync"	
"COLOR"	"color_rose"		"en-US"	"0.2.7"	"rose"			"rose"						"en-US"	"0.2.7"	"in sync"	
"COLOR"	"color_salmon_pink"		"en-US"	"0.2.7"	"salmon pink"			"salmon pink"						"en-US"	"0.2.7"	"in sync"	
"COLOR"	"color_silky_white"		"en-US"	"0.4.7"	"silky white"			"silky white"						"en-US"	"0.4.7"	"in sync"	
"COLOR"	"color_skyglow"		"en-US"	"0.2.7"	"skyglow"			"skyglow"						"en-US"	"0.2.7"	"in sync"	
"COLOR"	"color_solar"		"en-US"	"0.2.7"	"solar"			"solar"						"en-US"	"0.2.7"	"in sync"	
"COLOR"	"color_standard"		"en-US"	"0.2.7"	"standard"			"standard"						"en-US"	"0.2.7"	"in sync"	
"COLOR"	"color_stellar"		"en-US"	"0.2.7"	"stellar"			"stellar"						"en-US"	"0.2.7"	"in sync"	
"COLOR"	"color_sunset"		"en-US"	"0.4.7"	"sunset"			"sunset"						"en-US"	"0.4.7"	"in sync"	
"COLOR"	"color_waterfall"		"en-US"	"0.4.7"	"waterfall"			"waterfall"						"en-US"	"0.4.7"	"in sync"	
"COLOR"	"color_wild"		"en-US"	"0.2.7"	"wild"			"wild"						"en-US"	"0.2.7"	"in sync"	
"COLOR"	"cream"		"en-US"	"0.1.0"	"cream"			"cream"						"en-US"	"0.1.0"	"in sync"	
"COLOR"	"cyan"		"en-US"	"0.1.0"	"cyan"			"cyan"						"en-US"	"0.1.0"	"in sync"	
"COLOR"	"dark_orange"		"en-US"	"0.1.0"	"dark orange"			"dark orange"						"en-US"	"0.1.0"	"in sync"	
"COLOR"	"dawn_blue"		"en-US"	"0.1.0"	"dawn blue"			"dawn blue"						"en-US"	"0.1.0"	"in sync"	
"COLOR"	"dynamic"		"en-US"	"0.1.0"	"dynamic"			"dynamic"						"en-US"	"0.1.0"	"in sync"	
"COLOR"	"dynamic_red"		"en-US"	"0.6.8"	"dynamic red"			"dynamic red"						"en-US"	"0.6.8"	"in sync"	
"COLOR"	"fire_red"		"en-US"	"0.1.0"	"fire red"			"fire red"						"en-US"	"0.1.0"	"in sync"	
"COLOR"	"forest_green"		"en-US"	"0.6.8"	"forest green"			"forest green"						"en-US"	"0.6.8"	"in sync"	
"COLOR"	"glacier_blue"		"en-US"	"0.1.0"	"glacier blue"			"glacier blue"						"en-US"	"0.1.0"	"in sync"	
"COLOR"	"gold"		"en-US"	"0.1.0"	"gold"			"gold"						"en-US"	"0.1.0"	"in sync"	
"COLOR"	"gray"		"en-US"	"0.1.0"	"gray"			"gray"						"en-US"	"0.1.0"	"in sync"	
"COLOR"	"green"		"en-US"	"0.1.0"	"green"			"green"						"en-US"	"0.1.0"	"in sync"	
"COLOR"	"green_tea"		"en-US"	"0.1.0"	"green tea"			"green tea"						"en-US"	"0.1.0"	"in sync"	
"COLOR"	"jungle_green"		"en-US"	"0.1.0"	"jungle green"			"jungle green"						"en-US"	"0.1.0"	"in sync"	
"COLOR"	"lemon_green"		"en-US"	"0.1.0"	"lemon green"			"lemon green"						"en-US"	"0.1.0"	"in sync"	
"COLOR"	"lemon_yellow"		"en-US"	"0.1.0"	"lemon yellow"			"lemon yellow"						"en-US"	"0.1.0"	"in sync"	
"COLOR"	"light_blue"		"en-US"	"0.1.0"	"light blue"			"light blue"						"en-US"	"0.1.0"	"in sync"	
"COLOR"	"light_gray"		"en-US"	"0.1.0"	"light gray"			"light gray"						"en-US"	"0.1.0"	"in sync"	
"COLOR"	"light_green"		"en-US"	"0.1.0"	"light green"			"light green"						"en-US"	"0.1.0"	"in sync"	
"COLOR"	"lime_yellow"		"en-US"	"0.1.0"	"lime yellow"			"lime yellow"						"en-US"	"0.1.0"	"in sync"	
"COLOR"	"magenta"		"en-US"	"0.2.7"	"magenta"			"magenta"						"en-US"	"0.2.7"	"in sync"	
"COLOR"	"mint_green"		"en-US"	"0.1.0"	"mint green"			"mint green"						"en-US"	"0.1.0"	"in sync"	
"COLOR"	"my_color"		"en-US"	"0.6.8"	"my color"			"my color"						"en-US"	"0.6.8"	"in sync"	
"COLOR"	"night"		"en-US"	"0.1.0"	"night"			"night"						"en-US"	"0.1.0"	"in sync"	
"COLOR"	"ocean_blue"		"en-US"	"0.1.0"	"ocean blue"			"ocean blue"						"en-US"	"0.1.0"	"in sync"	
"COLOR"	"orange"		"en-US"	"0.1.0"	"orange"			"orange"						"en-US"	"0.1.0"	"in sync"	
"COLOR"	"petrol"		"en-US"	"0.1.0"	"petrol"			"petrol"						"en-US"	"0.1.0"	"in sync"	
"COLOR"	"pink"		"en-US"	"0.1.0"	"pink"			"pink"						"en-US"	"0.1.0"	"in sync"	
"COLOR"	"pistachio"		"en-US"	"0.1.0"	"pistachio"			"pistachio"						"en-US"	"0.1.0"	"in sync"	
"COLOR"	"poppy_red"		"en-US"	"0.1.0"	"poppy red"			"poppy red"						"en-US"	"0.1.0"	"in sync"	
"COLOR"	"purple"		"en-US"	"0.1.0"	"purple"			"purple"						"en-US"	"0.1.0"	"in sync"	
"COLOR"	"purple_sky"		"en-US"	"0.1.0"	"purple sky"			"purple sky"						"en-US"	"0.1.0"	"in sync"	
"COLOR"	"red"		"en-US"	"0.1.0"	"red"			"red"						"en-US"	"0.1.0"	"in sync"	
"COLOR"	"red_moon"		"en-US"	"0.1.0"	"red moon"			"red moon"						"en-US"	"0.1.0"	"in sync"	
"COLOR"	"silver"		"en-US"	"0.1.0"	"silver"			"silver"						"en-US"	"0.1.0"	"in sync"	
"COLOR"	"sun_yellow"		"en-US"	"0.1.0"	"sun yellow"			"sun yellow"						"en-US"	"0.1.0"	"in sync"	
"COLOR"	"sunset_orange"		"en-US"	"0.6.8"	"sunset orange"			"sunset orange"						"en-US"	"0.6.8"	"in sync"	
"COLOR"	"teal"		"en-US"	"0.1.0"	"teal"			"teal"						"en-US"	"0.1.0"	"in sync"	
"COLOR"	"topaz_blue"		"en-US"	"0.1.0"	"topaz blue"			"topaz blue"						"en-US"	"0.1.0"	"in sync"	
"COLOR"	"turmeric"		"en-US"	"0.1.0"	"turmeric"			"turmeric"						"en-US"	"0.1.0"	"in sync"	
"COLOR"	"turquoise"		"en-US"	"0.1.0"	"turquoise"			"turquoise"						"en-US"	"0.1.0"	"in sync"	
"COLOR"	"ultra_violet"		"en-US"	"0.6.8"	"ultra violet"			"ultra violet"						"en-US"	"0.6.8"	"in sync"	
"COLOR"	"violet"		"en-US"	"0.1.0"	"violet"			"violet"						"en-US"	"0.1.0"	"in sync"	
"COLOR"	"warm_white"		"en-US"	"0.1.0"	"warm white"			"warm white"						"en-US"	"0.1.0"	"in sync"	
"COLOR"	"white"		"en-US"	"0.1.0"	"white"			"white"						"en-US"	"0.1.0"	"in sync"	
"COLOR"	"yellow"		"en-US"	"0.1.0"	"yellow"			"yellow"						"en-US"	"0.1.0"	"in sync"	
"DISPLAY_TYPE"	"automatic_day_night_mode"		"en-US"	"0.2.9"	"automatic day/night mode"			"automatic day/night mode"						"en-US"	"0.2.9"	"in sync"	
"DISPLAY_TYPE"	"day_mode"		"en-US"	"0.1.0"	"day mode"			"day mode"						"en-US"	"0.1.0"	"in sync"	
"DISPLAY_TYPE"	"fullscreen"		"en-US"	"0.1.0"	"fullscreen mode"			"fullscreen mode"						"en-US"	"0.1.0"	"in sync"	
"DISPLAY_TYPE"	"night_mode"		"en-US"	"0.1.0"	"night mode"			"night mode"						"en-US"	"0.1.0"	"in sync"	
"DISPLAY_TYPE"	"race"		"en-US"	"0.2.4"	"race mode"			"race mode"						"en-US"	"0.2.4"	"in sync"	
"DISPLAY_TYPE"	"sport"		"en-US"	"0.1.0"	"sport mode"			"sport mode"						"en-US"	"0.1.0"	"in sync"	
"DISPLAY_TYPE"	"standard"		"en-US"	"0.1.0"	"classic mode"			"classic mode"						"en-US"	"0.1.0"	"in sync"	
